area;spot_id;length;hillyness;no_bobil_nor_caravan;end_row;not_spot;no_bobil;reserved;length_norm
Furulunden;A1;6;0;1;;;;;0.25
Furulunden;A2;6;0;1;;;;;0.25
Furulunden;A3;6;0;1;;;;;0.25
Furulunden;A4;6;0;1;;;;;0.25
Furulunden;A5;6;0;1;;;;;0.25
Furulunden;A6;6;0;1;;;;;0.25
Furulunden;A7;6;0;1;;;;;0.25
Furulunden;A8;6;0;1;;;;;0.25
Furulunden;A9;6;0;1;;;;;0.25
Furulunden;A10;6;0;1;;;;;0.25
Furulunden;A11;6;0;1;;;;;0.25
Furulunden;A12;6;0;1;;;;;0.25
Furulunden;A13;6;0;1;;;;;0.25
Furulunden;A14;6;0;1;;;;;0.25
Furulunden;A15;6;0;1;;;;;0.25
Furulunden;A16;6;0;1;;;;;0.25
Furulunden;A17;6;0;1;;;;;0.25
Furulunden;A18;6;0;1;;;;;0.25
Furulunden;A19;6;0;1;;;;;0.25
Furulunden;A20;6;0;1;1;;;;0.25
Furulunden;B1;5.2;0;;;;;;0.15
Furulunden;B2;5.2;0;;;;;;0.15
Furulunden;B3;5.2;0;;;;;;0.15
Furulunden;B4;7.5;0;;;;;;0.4375
Furulunden;B5;7.5;0;;;;;;0.4375
Furulunden;B6;7.5;0;;;;;;0.4375
Furulunden;C1;6.8;0;;;;;;0.35
Furulunden;C2;6.8;0;;;;;;0.35
Furulunden;C3;6.8;0;;;;;;0.35
Furulunden;C4;8.8;0;;;;;;0.6
Furulunden;C5;8.8;0;;;;;;0.6
Furulunden;C6;8.8;0;;;;;;0.6
Furulunden;C7;7.8;0;;;;;;0.475
Furulunden;C8;7.8;0;;;;;;0.475
Furulunden;C9;7.8;0;;;;;;0.475
Furulunden;C10;6.5;0;;;;;;0.3125
Furulunden;C11;6.5;0;;;;;;0.3125
Furulunden;C12;6.5;0;;;;;;0.3125
Furulunden;C13;5;0;;1;;;;0.125
Furulunden;C14;7.5;0;;;;;;0.4375
Furulunden;C15;7.5;0;;;;;;0.4375
Furulunden;C16;7.5;0;;;;;;0.4375
Furulunden;C17;7.5;0;;;;;;0.4375
Furulunden;C18;7.5;0;;;;;;0.4375
Furulunden;C19;7.5;0;;;;;;0.4375
Furulunden;C20;7.5;0;;;;;;0.4375
Furulunden;C21;7.5;0;;;;;;0.4375
Furulunden;C22;7.5;0;;;;;;0.4375
Furulunden;C23;7.5;0;;;;;;0.4375
Furulunden;C24;7.5;0;;;;;;0.4375
Furulunden;C25;7.5;0;;;;;;0.4375
Furulunden;C26;7.5;0;;;;;;0.4375
Furulunden;C27;7.5;0;;;;;;0.4375
Furulunden;C28;7.5;0;;;;;;0.4375
Furulunden;C29;6.4;0;;1;;;;0.3
Furulunden;D1;7.5;0;;;;;;0.4375
Furulunden;D2;7.5;0;;;;;;0.4375
Furulunden;D3;7.5;0;;;;;;0.4375
Furulunden;D4;7.5;0;;;;;;0.4375
Furulunden;D5;7.5;0;;;;;;0.4375
Furulunden;D6;7.5;0;;;;;;0.4375
Furulunden;D7;7.5;0;;;;;;0.4375
Furulunden;D8;7.5;0;;;;;;0.4375
Furulunden;D9;7.5;0;;;;;;0.4375
Furulunden;D10;8.5;0;;;;;;0.5625
Furulunden;D11;8.5;0;;;;;;0.5625
Furulunden;D12;8.5;0;;;;;;0.5625
Furulunden;D13;7.5;0;;;;;;0.4375
Furulunden;D14;7.5;0;;;;;;0.4375
Furulunden;D15;7.5;0;;;;;;0.4375
Furulunden;D16;6.5;0;;;;;;0.3125
Furulunden;D17;5.5;0;;;;;;0.1875
Furulunden;D18;5;0;;1;;;;0.125
Furulunden;D19;;0;;;1;;;
Furulunden;D20;4.5;0;;;;;;0.0625
Furulunden;D21;6.5;0;;;;;;0.3125
Furulunden;D22;7.5;0;;;;;;0.4375
Furulunden;D23;8.5;0;;;;;;0.5625
Furulunden;D24;8.5;0;;;;;;0.5625
Furulunden;D25;8.5;0;;;;;;0.5625
Furulunden;D26;8.5;0;;;;;;0.5625
Furulunden;D27;8.5;0;;;;;;0.5625
Furulunden;D28;8.5;0;;;;;;0.5625
Furulunden;D29;8.5;0;;;;;;0.5625
Furulunden;D30;8.5;0;;;;;;0.5625
Furulunden;D31;8.5;0;;;;;;0.5625
Furulunden;D32;8;0;;;;;;0.5
Furulunden;D33;6;0;;1;;;;0.25
;;;;;;;;;-0.5
;;;;;;;;;-0.5
Furutoppen;A1;7.4;0;1;0;;;;0.425
Furutoppen;A2;7.4;0;1;0;;;;0.425
Furutoppen;A3;7.4;0;1;0;;;;0.425
Furutoppen;A4;6.2;0;1;0;;;;0.275
Furutoppen;A5;6.2;0;1;0;;;;0.275
Furutoppen;A6;6.2;0;1;0;;;;0.275
Furutoppen;A7;7.5;0;;0;;;;0.4375
Furutoppen;A8;7.5;0;;0;;;;0.4375
Furutoppen;A9;7.5;0;;0;;;;0.4375
Furutoppen;A10;10;0;;0;;;;0.75
Furutoppen;A11;10;0;;0;;;;0.75
Furutoppen;A12;10;0;;0;;;;0.75
Furutoppen;A13;11.5;0;;0;;;;0.9375
Furutoppen;A14;11.5;0;;0;;;;0.9375
Furutoppen;A15;11.5;0;;0;;;;0.9375
Furutoppen;A16;11.5;0;;0;;;;0.9375
Furutoppen;A17;11.5;0;;0;;;;0.9375
Furutoppen;A18;11.5;0;;0;;;;0.9375
Furutoppen;A19;10;0;;0;;;;0.75
Furutoppen;A20;10;0;;0;;;;0.75
Furutoppen;A21;10;0;;0;;;;0.75
Furutoppen;A22;9.5;0;;0;;;;0.6875
Furutoppen;A23;9.5;0;;0;;;;0.6875
Furutoppen;A24;9.5;0;;0;;;;0.6875
Furutoppen;A25;10;0;;0;;;;0.75
Furutoppen;A26;10;0;;0;;;;0.75
Furutoppen;A27;10;0;;0;;;;0.75
Furutoppen;A28;8;0;;0;;;;0.5
Furutoppen;A29;8;0;;1;;;;0.5
Elvebredden;A1;7;0;;0;;;;0.375
Elvebredden;A2;7;0;;0;;;;0.375
Elvebredden;A3;7;0;;0;;;;0.375
Elvebredden;A4;7;0;;0;;;;0.375
Elvebredden;A5;6.5;0;;0;;;;0.3125
Elvebredden;A6;6.5;0;;0;;;;0.3125
Elvebredden;A7;6.5;0;;0;;;;0.3125
Elvebredden;A8;6.5;0;;0;;;;0.3125
Elvebredden;A9;6.5;0;;0;;;;0.3125
Elvebredden;A10;6.5;0;;0;;;;0.3125
Elvebredden;A11;6.5;0;;0;;;;0.3125
Elvebredden;A12;6.5;0;;0;;;;0.3125
Elvebredden;A13;6.5;0;;0;;;;0.3125
Elvebredden;A14;7;0;;0;;;;0.375
Elvebredden;A15;7.5;0;;0;;;;0.4375
Elvebredden;A16;8;0;;0;;;;0.5
Elvebredden;A17;9;0;;0;;;;0.625
Elvebredden;A18;9;0;;0;;;;0.625
Elvebredden;A19;9;0;;0;;;;0.625
Elvebredden;A20;9;0;;0;;;;0.625
Elvebredden;A21;9;0;;0;;;;0.625
Elvebredden;A22;9;0;;0;;;;0.625
Elvebredden;A23;8.5;0;;0;;;;0.5625
Elvebredden;A24;8.5;0;;0;;;;0.5625
Elvebredden;A25;8.5;0;;0;;;;0.5625
Elvebredden;A26;8;0;;0;;;;0.5
Elvebredden;A27;8;0;;0;;;;0.5
Elvebredden;A28;8;0;;0;;;;0.5
Elvebredden;A29;8;0;;0;;;;0.5
Elvebredden;A30;8;0;;0;;;;0.5
Elvebredden;A31;7.5;0;;0;;;;0.4375
Elvebredden;A32;7.5;0;;0;;;;0.4375
Elvebredden;A33;9;0;;0;;;;0.625
Elvebredden;A34;9;0;;0;;;;0.625
Elvebredden;A35;9;0;;0;;;;0.625
Elvebredden;A36;9;0;;0;;;;0.625
Elvebredden;A37;9;0;;0;;;;0.625
Elvebredden;B1;6;0;;0;;;;0.25
Elvebredden;B2;6;0;;0;;;;0.25
Elvebredden;B3;6;0;;0;;;;0.25
Elvebredden;B4;7;0;;0;;;;0.375
Elvebredden;B5;7;0;;0;;;;0.375
Elvebredden;B6;7;0;;0;;;;0.375
Elvebredden;B7;8.5;0;;0;;;;0.5625
Elvebredden;B8;8.5;0;;0;;;;0.5625
Elvebredden;B9;9.5;0;;0;;;;0.6875
Elvebredden;B10;10;0;;0;;;;0.75
Elvebredden;B11;8.5;0;;0;;;;0.5625
Elvebredden;B12;8.5;0;;0;;;;0.5625
Elvebredden;B13;8.5;0;;0;;;;0.5625
Elvebredden;B14;10.5;0;;0;;;;0.8125
Elvebredden;B15;10.5;0;;0;;;;0.8125
Elvebredden;B16;5;0;1;0;;;;0.125
Elvebredden;B17;5;0;1;1;;;;0.125
Elvebredden;B18;5;0;;0;;;;0.125
Elvebredden;B19;7;0;;0;;;;0.375
Elvebredden;B20;6.5;0;;0;;;;0.3125
Elvebredden;B21;6.5;0;;1;;;;0.3125
Elvebredden;B22;6.5;0;;;1;;;0.3125
Elvebredden;B23;6.5;0;;;;;;0.3125
Elvebredden;B24;7.5;0;;;;;;0.4375
Elvebredden;B25;7.5;0;;;;;;0.4375
Elvebredden;B26;7.5;0;;;;;;0.4375
Elvebredden;B27;7.5;0;;;;;;0.4375
Elvebredden;B28;7.5;0;;;;;;0.4375
Elvebredden;B29;7.5;0;;;;;;0.4375
Elvebredden;B30;7.5;0;;;;;;0.4375
Elvebredden;B31;7.5;0;;;;;;0.4375
Elvebredden;B32;7.5;0;;;;;;0.4375
Elvebredden;B33;7.5;0;;;;;;0.4375
Elvebredden;B34;7.5;0;;;;;;0.4375
Elvebredden;B35;7.5;0;;;;;;0.4375
Elvebredden;B36;7.5;0;;;;;;0.4375
Elvebredden;B37;7.5;0;;;;;;0.4375
Elvebredden;B38;7.5;0;;1;;;;0.4375
;;;;;;;;;-0.5
;;;;;;;;;-0.5
Elvebredden;C1;12;0;;;;;;1
Elvebredden;C2;12;0;;;;;;1
Elvebredden;C3;12;0;;;;;;1
Elvebredden;C4;11;0;;;;;;0.875
Elvebredden;C5;;;;;1;;;-0.5
Elvebredden;C6;9;0;;;;;;0.625
Elvebredden;C7;8.5;0;;;;;;0.5625
Elvebredden;C8;8;0;;;;;;0.5
Elvebredden;C9;7.5;0;;;;;;0.4375
Elvebredden;C10;7.5;0;;;;;;0.4375
Elvebredden;C11;8;0;;;;;;0.5
Elvebredden;C12;8.5;0;;;;;;0.5625
Elvebredden;C13;8.5;0;;;;;;0.5625
Elvebredden;C14;8.5;0;;;;;;0.5625
Elvebredden;C15;8.5;0;;;;;;0.5625
Elvebredden;C16;8.5;0;;;;;;0.5625
Elvebredden;C17;8.5;0;;;;;;0.5625
Elvebredden;C18;8.5;0;;;1;;;0.5625
Elvebredden;C19;8.5;0;;;;;;0.5625
Elvebredden;C20;8;0;;;;;;0.5
Elvebredden;C21;8;0;;;;;;0.5
Elvebredden;C22;8;0;;;;;;0.5
Elvebredden;C23;7.5;0;;;;;;0.4375
Elvebredden;C24;7.5;0;;;;;;0.4375
Elvebredden;C25;7;0;;;;;;0.375
Elvebredden;C26;6;0;;;;;;0.25
Elvebredden;C27;6.5;0;;;;;;0.3125
Elvebredden;C28;7;0;;;;;;0.375
Elvebredden;C29;8.5;0;;;;;;0.5625
Elvebredden;C30;8.5;0;;;;;;0.5625
Elvebredden;C31;8.5;0;;;;;;0.5625
Elvebredden;C32;6;0;;;;;;0.25
Elvebredden;C33;8.5;0;;;;;;0.5625
Elvebredden;C34;8.5;0;;;;;;0.5625
Elvebredden;C35;8.5;0;1;;;;;0.5625
Elvebredden;C36;8.5;0;1;;;;;0.5625
Elvebredden;C37;8.5;0;1;;;;;0.5625
Elvebredden;C38;8.5;0;1;;;;;0.5625
Elvebredden;C39;8.5;0;1;;;;;0.5625
Elvebredden;C40;8.5;0;1;;;;;0.5625
Elvebredden;C41;8.5;0;1;;;;;0.5625
Elvebredden;C42;8.5;0;1;1;;;;0.5625
;;;;;;;;;
Egelandsletta;A1;8;0.1;;;;1;;0.5
Egelandsletta;A2;8;0.1;;;;1;;0.5
Egelandsletta;A3;8;0.1;;;;1;;0.5
Egelandsletta;A4;8;0.3;;;;1;;0.5
Egelandsletta;A5;8;0.3;;;;1;;0.5
Egelandsletta;A6;8;0.3;;;;1;;0.5
Egelandsletta;A7;8;0.1;;;;1;;0.5
Egelandsletta;A8;8;0.1;;;;1;;0.5
Egelandsletta;A9;8;0.1;;;;1;;0.5
Egelandsletta;A10;10;0.2;;;;1;;0.75
Egelandsletta;A11;10;0.2;;;;1;;0.75
Egelandsletta;A12;10;0.2;;;;1;;0.75
Egelandsletta;A13;7;0.2;;;;1;;0.375
Egelandsletta;A14;7;0.2;;;;1;;0.375
Egelandsletta;A15;7;0.2;;;;1;;0.375
Egelandsletta;A16;10;0.1;;;;1;;0.75
Egelandsletta;A17;10;0.1;;;;1;;0.75
Egelandsletta;A18;10;0.1;;;;1;;0.75
Egelandsletta;A19;10;0.1;;;;1;;0.75
Egelandsletta;A20;10;0.1;;;;1;;0.75
Egelandsletta;A21;10;0.1;;1;;1;;0.75
Egelandsletta;A22;9;;;;;1;;0.625
Egelandsletta;A23;9;;;;;1;;0.625
Egelandsletta;A24;9;;;;;1;;0.625
Egelandsletta;A25;9;;;;;1;;0.625
Egelandsletta;A26;9;;;;;1;;0.625
Egelandsletta;A27;9;;;;;1;;0.625
Egelandsletta;A28;9;;;;;1;;0.625
Egelandsletta;A29;9;;;;;1;;0.625
Egelandsletta;A30;9;;;;;1;;0.625
Egelandsletta;A31;9;;;;;1;;0.625
Egelandsletta;A32;9;;;;;1;;0.625
Egelandsletta;A33;9;;;;;1;;0.625
Egelandsletta;A34;7.5;;;1;;1;;0.4375
Egelandsletta;B1;10;;;;;1;;0.75
Egelandsletta;B2;10;;;;;1;;0.75
Egelandsletta;B3;10;;;;;1;;0.75
Egelandsletta;B4;10;;;;;1;;0.75
Egelandsletta;B5;10;;;;;1;;0.75
Egelandsletta;B6;10;;;;;1;;0.75
Egelandsletta;B7;10;;;;;1;;0.75
Egelandsletta;B8;10;;;;;1;;0.75
Egelandsletta;B9;10;;;;;1;;0.75
Egelandsletta;B10;10;;;;;1;;0.75
Egelandsletta;B11;10;;;;;1;;0.75
Egelandsletta;B12;10;;;;;1;;0.75
Egelandsletta;B13;10;;;;;1;;0.75
Egelandsletta;B14;10;;;;;1;;0.75
Egelandsletta;B15;10;;;;;1;;0.75
Egelandsletta;B16;8.5;;;;;1;;0.5625
Egelandsletta;B17;8.5;;;;;1;;0.5625
Egelandsletta;B18;8.5;;;;;1;;0.5625
Egelandsletta;B19;8.5;;;;;;;0.5625
Egelandsletta;B20;8.5;;;;;;;0.5625
Egelandsletta;B21;8.5;;;1;;;;0.5625
Egelandsletta;C1;8;;;;;1;;0.5
Egelandsletta;C2;8;;;;;1;;0.5
Egelandsletta;C3;8;;;;;1;;0.5
Egelandsletta;C4;8;;;;;1;;0.5
Egelandsletta;C5;8;;;;;1;;0.5
Egelandsletta;C6;8;;;;;1;;0.5
Egelandsletta;C7;8;;;;;1;;0.5
Egelandsletta;C8;8;;;;;1;;0.5
Egelandsletta;C9;8;;;;;1;;0.5
Egelandsletta;C10;10;;;;;1;;0.75
Egelandsletta;C11;10;;;;;1;;0.75
Egelandsletta;C12;10;;;;;1;;0.75
Egelandsletta;C13;10;;;;;1;;0.75
Egelandsletta;C14;10;;;;;1;;0.75
Egelandsletta;C15;10;;;;;1;;0.75
Egelandsletta;C16;10;;;;;1;;0.75
Egelandsletta;C17;10;;;;;1;;0.75
Egelandsletta;C18;8;;;;;1;;0.5
Egelandsletta;C19;8;;;;;1;;0.5
Egelandsletta;C20;8;;;1;;1;;0.5
Egelandsletta;C21;8;0.4;;;;1;;0.5
Egelandsletta;C22;8;0.4;;;;1;;0.5
Egelandsletta;C23;8;0.4;;;;1;;0.5
Egelandsletta;C24;8;0.2;;;;1;;0.5
Egelandsletta;C25;8;0.2;;;;1;;0.5
Egelandsletta;C26;8;0.2;;;;1;;0.5
Egelandsletta;C27;8;;;;;1;;0.5
Egelandsletta;C28;8;;;;;1;;0.5
Egelandsletta;C29;8;;;;;1;;0.5
Egelandsletta;C30;8;;;;;;;0.5
Egelandsletta;C31;8;;;;;;;0.5
Egelandsletta;C32;8;;;;;;;0.5
Egelandsletta;C33;8;;;;;;;0.5
Egelandsletta;C34;8;;;;;;;0.5
Egelandsletta;C35;8;;;1;;;;0.5
Egelandsletta;D1;9;;;;;1;;0.625
Egelandsletta;D2;9;;;;;1;;0.625
Egelandsletta;D3;9;;;;;1;;0.625
Egelandsletta;D4;9;;;;;1;;0.625
Egelandsletta;D5;9;;;;;1;;0.625
Egelandsletta;D6;9;;;;;1;;0.625
Egelandsletta;D7;9;;;;;1;;0.625
Egelandsletta;D8;9;;;;;1;;0.625
Egelandsletta;D9;9;;;;;1;;0.625
Egelandsletta;D10;10;;;;;1;;0.75
Egelandsletta;D11;10;;;;;1;;0.75
Egelandsletta;D12;10;;;;;1;;0.75
Egelandsletta;D13;10;;;;;1;;0.75
Egelandsletta;D14;10;;;;;1;;0.75
Egelandsletta;D15;10;;;;;1;;0.75
Egelandsletta;D16;10;;;;;1;;0.75
Egelandsletta;D17;10;;;;;1;;0.75
Egelandsletta;D18;10;;;;;1;;0.75
Egelandsletta;D19;10;;;;;1;;0.75
Egelandsletta;D20;10;;;;;1;;0.75
Egelandsletta;D21;10;;;;;1;;0.75
Egelandsletta;D22;8;;;;;1;;0.5
Egelandsletta;D23;8;;;;;1;;0.5
Egelandsletta;D24;8;;;;;1;;0.5
Egelandsletta;D25;8;;;;;1;;0.5
Egelandsletta;D26;8;;;;;1;;0.5
Egelandsletta;D27;8;0.2;;;;1;;0.5
Egelandsletta;D28;8;0.2;1;;;1;;0.5
Egelandsletta;D29;8;0.2;1;1;;1;;0.5
;;;;;;;;;
;;;;;;;;;
;;;;;;;;;
;;;;;;;;;
Egelandsletta;E1;7.5;0.4;;;;1;;0.4375
Egelandsletta;E2;7.5;0.4;;;;1;;0.4375
Egelandsletta;E3;7.5;0.4;;;;1;;0.4375
Egelandsletta;E4;7.5;0.4;;;;1;;0.4375
Egelandsletta;E5;7.5;0.4;;;;1;;0.4375
Egelandsletta;E6;7.5;0.4;;;;1;;0.4375
Egelandsletta;E7;7.5;0.4;;;;1;;0.4375
Egelandsletta;E8;7.5;0.4;;;;1;;0.4375
Egelandsletta;E9;7.5;0.4;;;;1;;0.4375
Egelandsletta;E10;7.5;0.4;;1;;1;;0.4375
Egelandsletta;E11;8;0.6;;;;1;;0.5
Egelandsletta;E12;8;0.6;;;;1;;0.5
Egelandsletta;E13;8;0.6;;;;1;;0.5
Egelandsletta;E14;8;0.6;;;;1;;0.5
Egelandsletta;E15;8;0.6;;;;1;;0.5
Egelandsletta;E16;8;0.6;;;;1;;0.5
Egelandsletta;E17;8;0.6;;;;1;;0.5
Egelandsletta;E18;8;0.6;;;;1;;0.5
Egelandsletta;E19;8;0.6;;1;;1;;0.5
;;;;;;;;;
;;;;;;;;;
;;;;;;;;;
;;;;;;;;;
;;;;;;;;;
;;;;;;;;;
;;;;;;;;;
;;;;;;;;;
;;;;;;;;;
;;;;;;;;;
;;;;;;;;;
Egelandsletta;F1;8;;;;;1;;0.5
Egelandsletta;F2;8;;;;;1;;0.5
Egelandsletta;F3;8;;;;;1;;0.5
Egelandsletta;F4;8;;;;;1;;0.5
Egelandsletta;F5;8;;;;;1;;0.5
Egelandsletta;F6;8;;;;;1;;0.5
Egelandsletta;F7;8;;;;;1;;0.5
Egelandsletta;F8;8;;;;;1;;0.5
Egelandsletta;F9;8;;;;;1;;0.5
Egelandsletta;F10;8;0.4;;;;1;;0.5
Egelandsletta;F11;8;0.4;;;;1;;0.5
Egelandsletta;F12;8;0.4;;;;1;;0.5
Egelandsletta;F13;8;0.4;;;;1;;0.5
Egelandsletta;F14;8;0.4;;;;1;;0.5
Vårdalen;A1;12;;;;;;;1
Vårdalen;A2;12;;;;;;;1
Vårdalen;A3;12;;;;;;;1
Vårdalen;A4;12;;;;;;;1
Vårdalen;A5;12;;;;;;;1
Vårdalen;A6;12;;;;;;;1
Vårdalen;A7;12;;;;;;;1
Vårdalen;A8;12;;;;;;;1
Vårdalen;A9;12;;;;;;;1
Vårdalen;A10;12;;;;;;;1
Vårdalen;A11;12;;;;;;;1
Vårdalen;A12;12;;;;;;;1
Vårdalen;A13;12;;;;;;;1
Vårdalen;A14;12;;;;;;;1
Vårdalen;A15;12;;;;;;;1
Vårdalen;A16;12;;;;;;;1
Vårdalen;A17;12;;;;;;;1
Vårdalen;A18;12;;;;;;;1
Vårdalen;A19;12;;;;;;;1
Vårdalen;A20;12;;;;;;;1
Vårdalen;A21;12;;;;;;;1
Vårdalen;A22;8;;1;;;;;0.5
Vårdalen;A23;8;;1;1;;;;0.5
Vårdalen;B1;6.7;;;;;;;0.3375
Vårdalen;B2;6.7;;;;;;;0.3375
Vårdalen;B3;6.7;;;;;;;0.3375
Vårdalen;B4;6.5;;;;;;;0.3125
Vårdalen;B5;6.5;;;;;;;0.3125
Vårdalen;B6;6.5;;;;;;;0.3125
Vårdalen;B7;7;;;;;;;0.375
Vårdalen;B8;7;;;;;;;0.375
Vårdalen;B9;7;;;;;;;0.375
Vårdalen;B10;7.3;;;;;;;0.4125
Vårdalen;B11;7.3;;;;;;;0.4125
Vårdalen;B12;7.3;;;;;;;0.4125
Vårdalen;B13;8.5;;;;;;;0.5625
Vårdalen;B14;8.5;;;;;;;0.5625
Vårdalen;B15;8.5;;;;;;;0.5625
Vårdalen;B16;10;;;;;;;0.75
Vårdalen;B17;10;;;1;;;;0.75
Vårdalen;C1;10;;;;;;;0.75
Vårdalen;C2;10;;;;;;;0.75
Vårdalen;C3;10;;;;;;;0.75
Vårdalen;C4;10;;;;;;;0.75
Vårdalen;C5;10;;;;;;;0.75
Vårdalen;C6;10;;;;;;;0.75
Vårdalen;C7;6.8;;;;;;;0.35
Vårdalen;C8;6.8;;;1;;;;0.35
;;;;;;;;;
;;;;;;;;;
;;;;;;;;;
;;;;;;;;;
;;;;;;;;;
;;;;;;;;;
;;;;;;;;;
;;;;;;;;;
;;;;;;;;;
;;;;;;;;;
Vårdalen;D1;9;0.3;;;;;;0.625
Vårdalen;D2;9;0.3;;;;;;0.625
Vårdalen;D3;9;0.3;;;;;;0.625
Vårdalen;D4;9;;;;;;;0.625
Vårdalen;D5;9;;;;;;;0.625
Vårdalen;D6;9;;;;;;;0.625
Vårdalen;D7;9;;;;;;;0.625
Vårdalen;D8;9;;;;;;;0.625
Vårdalen;D9;9;;;;;;;0.625
Vårdalen;D10;9;;;;;;;0.625
Vårdalen;D11;9;;;;;;;0.625
Vårdalen;D12;9;;;;;;;0.625
Vårdalen;D13;8;;;;;;;0.5
Vårdalen;D14;8;;;;;;;0.5
Vårdalen;D15;8;;;;;;;0.5
Vårdalen;D16;6.6;;;;;;;0.325
Vårdalen;D17;6.6;;;;;;;0.325
Vårdalen;D18;6.6;;;;;;;0.325
Vårdalen;D19;5.5;;;;;;;0.1875
Vårdalen;D20;5.5;;;;;;;0.1875
Vårdalen;D21;5.5;;;;;;;0.1875
Vårdalen;D22;5;;1;;;;;0.125
Vårdalen;D23;5;;1;;;;;0.125
Vårdalen;D24;5.5;;1;;;;;0.1875
Vårdalen;D25;5.5;;1;1;;;;0.1875
Vårdalen;D26;8;;;;;;;0.5
Vårdalen;D27;8;;;;;;;0.5
Vårdalen;D28;8;;;;;;;0.5
Vårdalen;D29;7;;;;;;;0.375
Vårdalen;D30;7;;;;;;;0.375
Vårdalen;D31;7;;;1;;;;0.375
Vårdalen;D32;6.3;;;;;;;0.2875
Vårdalen;D33;6.3;;;;;;;0.2875
Vårdalen;D34;6.3;;;;;;;0.2875
Vårdalen;D35;8.7;;;;;;;0.5875
Vårdalen;D36;8.7;;;;;;;0.5875
Vårdalen;D37;8.7;;;;;;;0.5875
Vårdalen;D38;8.7;;;;;;;0.5875
Vårdalen;D39;8.7;;;;;;;0.5875
Vårdalen;D40;8.7;;;;;;;0.5875
Vårdalen;D41;8.7;;;;;;;0.5875
Vårdalen;D42;8.7;;;;;;;0.5875
Vårdalen;D43;8.7;;;;;;;0.5875
Vårdalen;D44;8.5;;1;;;;;0.5625
Vårdalen;D45;8.5;;1;1;;;;0.5625
Vårdalen;E1;10;;;;;;;0.75
Vårdalen;E2;10;;;;;;;0.75
Vårdalen;E3;10;;;;;;;0.75
Vårdalen;E4;10;;;;;;;0.75
Vårdalen;E5;10;;;;;;;0.75
Vårdalen;E6;10;;;;;;;0.75
Vårdalen;E7;10;;;;;;;0.75
Vårdalen;E8;10;;;;;;;0.75
Vårdalen;E9;10;;;;;;;0.75
Vårdalen;E10;10;;;;;;;0.75
Vårdalen;E11;10;;;;;;;0.75
Vårdalen;E12;10;;;1;;;;0.75
Vårdalen;E13;4;;1;;;;;0
Vårdalen;E14;4;;1;;;;;0
Vårdalen;E15;4;;1;;;;;0
Vårdalen;E16;4;;1;;;;;0
Vårdalen;E17;4;;1;;;;;0
Vårdalen;E18;4;;1;;;;;0
Vårdalen;E19;4;;1;1;;;;0
Vårdalen;E20;10;;;;;;;0.75
Vårdalen;E21;10;;;;;;;0.75
Vårdalen;E22;10;;;;;;;0.75
Vårdalen;E23;10;;;;;;;0.75
Vårdalen;E24;10;;;;;;;0.75
Vårdalen;E25;10;;;;;;;0.75
Vårdalen;E26;10;;;;;;;0.75
Vårdalen;E27;10;;;;;;;0.75
Vårdalen;E28;10;;;;;;;0.75
Vårdalen;E29;10;;;;;;;0.75
Vårdalen;E30;10;;;;;;;0.75
Vårdalen;E31;10;;;;;;;0.75
Vårdalen;E32;10;;;;;;;0.75
Vårdalen;E33;10;;;;;;;0.75
Vårdalen;E34;10;;;;;;;0.75
Vårdalen;E35;10;;;1;;;;0.75
Vårdalen;F1;10;;;;;;;0.75
Vårdalen;F2;10;;;;;;;0.75
Vårdalen;F3;10;;;;;;;0.75
Vårdalen;F4;9;;;;;;;0.625
Vårdalen;F5;9;;;;;;;0.625
Vårdalen;F6;9;;;;;;;0.625
Vårdalen;F7;9;;;;;;;0.625
Vårdalen;F8;9;;;;;;;0.625
Vårdalen;F9;9;;;;;;;0.625
Vårdalen;F10;9;;;;;;;0.625
Vårdalen;F11;9;;;1;;;;0.625
Vårdalen;F12;6.7;0.4;1;;;;;0.3375
Vårdalen;F13;6.7;0.4;1;;;;;0.3375
Vårdalen;F14;6.7;0.4;1;;;;;0.3375
Vårdalen;F15;6.7;0.4;1;;;;;0.3375
Vårdalen;F16;7.3;0.1;;;;;;0.4125
Vårdalen;F17;7.3;0.1;;;;;;0.4125
Vårdalen;F18;7.3;0.1;;;;;;0.4125
Vårdalen;F19;9;0.1;;;;;;0.625
Vårdalen;F20;9;0.1;;;;;;0.625
Vårdalen;F21;9;0.1;;;;;;0.625
Vårdalen;F22;7.5;;;;;;;0.4375
Vårdalen;F23;7.5;;;;;;;0.4375
Vårdalen;F24;7.5;;;1;;;;0.4375
Vårdalen;F25;7.5;0.6;;;;;;0.4375
Vårdalen;F26;7.5;0.6;;;;;;0.4375
Vårdalen;F27;7.5;0.6;;;;;;0.4375
Vårdalen;F28;7;0.4;;;;;;0.375
Vårdalen;F29;7;0.4;;;;;;0.375
Vårdalen;F30;7;0.4;;1;;;;0.375
Fjellterrassen;A1;7.8;;;;;;;0.475
Fjellterrassen;A2;7.8;;;;;;;0.475
Fjellterrassen;A3;7.8;;;;;;;0.475
Fjellterrassen;A4;8.6;;;;;;;0.575
Fjellterrassen;A5;8.6;;;;;;;0.575
Fjellterrassen;A6;8.6;;;;;;;0.575
Fjellterrassen;A7;6.6;;;;;;;0.325
Fjellterrassen;A8;6.6;;;;;;;0.325
Fjellterrassen;A9;6.6;;;;;;;0.325
Fjellterrassen;A10;7;;;;;;;0.375
Fjellterrassen;A11;7;;;;;;;0.375
Fjellterrassen;A12;7;;;;;;;0.375
Fjellterrassen;A13;8;;;;;;;0.5
Fjellterrassen;A14;8;;;;;;;0.5
Fjellterrassen;A15;8;;;;;;;0.5
Fjellterrassen;A16;10.5;;;;;;;0.8125
Fjellterrassen;A17;10.5;;;;;;;0.8125
Fjellterrassen;A18;10.5;;;;;;;0.8125
Fjellterrassen;A19;10.5;;;;;;;0.8125
Fjellterrassen;A20;10.5;;;;;;;0.8125
Fjellterrassen;A21;10.5;;;;;;;0.8125
Fjellterrassen;A22;10.5;;;;;;;0.8125
Fjellterrassen;A23;10.5;;;;;;;0.8125
Fjellterrassen;A24;10.5;;;;;;;0.8125
Fjellterrassen;A25;10.5;;;;;;;0.8125
Fjellterrassen;A26;10.5;;;;;;;0.8125
Fjellterrassen;A27;10.5;;;;;;;0.8125
Fjellterrassen;A28;7;;;;;;;0.375
Fjellterrassen;A29;7;;;;;;;0.375
Fjellterrassen;A30;7;;;;;;;0.375
Fjellterrassen;A31;7;;;;;;;0.375
Fjellterrassen;A32;7;;;;;;;0.375
Fjellterrassen;A33;7;;;;;;;0.375
Fjellterrassen;B1;7;;;;;;;0.375
Fjellterrassen;B2;7;;;;;;;0.375
Fjellterrassen;B3;7;;;;;;;0.375
Fjellterrassen;B4;8.5;;;;;;;0.5625
Fjellterrassen;B5;8.5;;;;;;;0.5625
Fjellterrassen;B6;8.5;;;;;;;0.5625
Fjellterrassen;B7;8.5;;;;;;;0.5625
Fjellterrassen;B8;8.5;;;;;;;0.5625
Fjellterrassen;B9;8.5;;;;;;;0.5625
Fjellterrassen;B10;9;;;;;;;0.625
Fjellterrassen;B11;9;;;;;;;0.625
Fjellterrassen;B12;9;;;;;;;0.625
Fjellterrassen;B13;8.3;;;;;;;0.5375
Fjellterrassen;B14;8.3;;;;;;;0.5375
Fjellterrassen;B15;8.3;;;;;;;0.5375
Fjellterrassen;B16;8.3;;;;;;;0.5375
Fjellterrassen;B17;8.3;;;;;;;0.5375
Fjellterrassen;B18;;;;;1;;;
Fjellterrassen;B19;6.2;;;;;;;0.275
Fjellterrassen;B20;6.2;;;;;;;0.275
Fjellterrassen;B21;6.2;;;;;;;0.275
Fjellterrassen;B22;6.2;;;;;;;0.275
Fjellterrassen;B23;6.2;;;;;;;0.275
Fjellterrassen;B24;6.2;;;;;;;0.275
Fjellterrassen;B25;7;;1;;;;;0.375
Fjellterrassen;B26;7;;1;1;;;;0.375
Fjellterrassen;C1;8;;;;;;;0.5
Fjellterrassen;C2;8;;;;;;;0.5
Fjellterrassen;C3;8;;;;;;;0.5
Fjellterrassen;C4;7.5;;;;;;;0.4375
Fjellterrassen;C5;7.5;;;;;;;0.4375
Fjellterrassen;C6;7.5;;;;;;;0.4375
Fjellterrassen;C7;7;;;;;;;0.375
Fjellterrassen;C8;7;;;;;;;0.375
Fjellterrassen;C9;7;;;;;;;0.375
Fjellterrassen;C10;7;;;;;;;0.375
Fjellterrassen;C11;7;;;;;;;0.375
Fjellterrassen;C12;7;;;;;;;0.375
Fjellterrassen;C13;5;;1;;;;;0.125
Fjellterrassen;C14;5;;1;;;;;0.125
Fjellterrassen;C15;5;;1;;;;;0.125
Fjellterrassen;C16;4;;1;;;;;0
Fjellterrassen;C17;4;;1;;;;;0
Fjellterrassen;C18;4;;1;;;;;0
Fjellterrassen;C19;5;;1;;;;;0.125
Fjellterrassen;C20;5;;1;;;;;0.125
Fjellterrassen;C21;5;;1;;;;;0.125
Fjellterrassen;C22;6.8;;;;;;;0.35
Fjellterrassen;C23;6.8;;;;;;;0.35
Fjellterrassen;C24;6.8;;;;;;;0.35
Fjellterrassen;C25;7.4;;;;;;;0.425
Fjellterrassen;C26;7.4;;;;;;;0.425
Fjellterrassen;C27;7.4;;;1;;;;0.425
Fjellterrassen;D1;9;;;;;;;0.625
Fjellterrassen;D2;9;;;;;;;0.625
Fjellterrassen;D3;9;;;;;;;0.625
Fjellterrassen;D4;7.7;;;;;;;0.4625
Fjellterrassen;D5;7.7;;;;;;;0.4625
Fjellterrassen;D6;7.7;;;;;;;0.4625
Fjellterrassen;D7;7.7;;;;;;;0.4625
Fjellterrassen;D8;7.7;;;;;;;0.4625
Fjellterrassen;D9;7.7;;;;;;;0.4625
Fjellterrassen;D10;7.7;;;;;;;0.4625
Fjellterrassen;D11;7.7;;;;;;;0.4625
Fjellterrassen;D12;7.7;;;;;;;0.4625
Fjellterrassen;D13;7.5;;;;;;;0.4375
Fjellterrassen;D14;7.5;;;;;;;0.4375
Fjellterrassen;D15;7.5;;;;;;;0.4375
Fjellterrassen;D16;7.5;;;;;;;0.4375
Fjellterrassen;D17;7.5;;;;;;;0.4375
Fjellterrassen;D18;7.5;;;;;;;0.4375
Fjellterrassen;D19;7.5;;;;;;;0.4375
Fjellterrassen;D20;7.5;;;;;;;0.4375
Fjellterrassen;D21;7.5;;;;;;;0.4375
Fjellterrassen;D22;8.5;;;;;;;0.5625
Fjellterrassen;D23;8.5;;;;;;;0.5625
Fjellterrassen;D24;8.5;;;;;;;0.5625
Fjellterrassen;D25;9;;;;;;;0.625
Fjellterrassen;D26;9;;;;;;;0.625
Fjellterrassen;D27;9;;;;;;;0.625
Fjellterrassen;D28;8;;;;;;;0.5
Fjellterrassen;D29;8;;;;;;;0.5
Fjellterrassen;D30;8;;;;;;;0.5
Fjellterrassen;D31;6;;;;;;;0.25
Fjellterrassen;D32;5.8;;;;;;;0.225
Fjellterrassen;D33;5.7;;;;;;;0.2125
Fjellterrassen;D34;6.1;;;;;;;0.2625
Fjellterrassen;D35;7;;;;;;;0.375
Fjellterrassen;D36;7;;;;;;;0.375
Fjellterrassen;D37;7;;;;;;;0.375
Fjellterrassen;D38;8.8;;;;;;;0.6
Fjellterrassen;D39;8.8;;;;;;;0.6
Fjellterrassen;D40;8.8;;;1;;;;0.6
Internatet;A1;11;;;;;;;0.875
Internatet;A2;11;;;;;;;0.875
Internatet;A3;11;;;;;;;0.875
Internatet;A4;11;;;;;;;0.875
Internatet;A5;11;;;;;;;0.875
Internatet;A6;11;;;;;;;0.875
Internatet;A7;7;;;;;;;0.375
Internatet;A8;7;;;;;;;0.375
Internatet;A9;7;;;;;;;0.375
Internatet;A10;4;;;;;;;0
Internatet;A11;4;;;;;;;0
Internatet;A12;4;;;;;;;0
Internatet;A13;4;;;1;;;;0
;;;;;;;;;-0.5
Internatet;B1;4;;1;;;;;0
Internatet;B2;4;;1;;;;;0
Internatet;B3;4;;1;;;;;0
Internatet;B4;7;;1;;;;;0.375
Internatet;B5;7;;1;;;;;0.375
Internatet;B6;4.8;;1;;;;;0.1
Internatet;B7;4.8;;1;1;;;;0.1
Internatet;B8;4;;1;;;;;0
Internatet;B9;4;;1;;;;;0
Internatet;B10;4;;1;;;;;0
Internatet;B11;4;;1;;;;;0
Internatet;B12;4;;1;;;;;0
Internatet;C1;7.5;;1;;;;;0.4375
Internatet;C2;7.5;;1;;;;;0.4375
Internatet;C3;8.5;;1;;;;;0.5625
Internatet;C4;8.5;;1;;;;;0.5625
Internatet;C5;9;;1;;;;;0.625
Internatet;C6;9;;1;;;;;0.625
Internatet;C7;5;;1;;;;;0.125
Internatet;C8;5;;1;1;;;;0.125
Internatet;D1;6;;;;;;;0.25
Internatet;D2;6;;;;;;;0.25
Internatet;D3;6;;;;;;;0.25
Internatet;D4;10;;;;;;;0.75
Internatet;D5;10;;;;;;;0.75
Internatet;D6;10;;;;;;;0.75
Internatet;D7;11;;;;;;;0.875
Internatet;D8;11;;;;;;;0.875
Internatet;D9;11;;;;;;;0.875
Internatet;D10;10;;;;;;;0.75
Internatet;D11;10;;;;;;;0.75
Internatet;D12;10;;;;;;;0.75
Internatet;D13;9.5;;;;;;;0.6875
Internatet;D14;9.5;;;;;;;0.6875
Internatet;D15;9.5;;;;;;;0.6875
Internatet;D16;8;;;;;;;0.5
Internatet;D17;8;;;;;;;0.5
Internatet;D18;8;;;;;;;0.5
Internatet;D19;6.4;;;;;;;0.3
Internatet;D20;6.4;;;;;;;0.3
Internatet;D21;6.4;;;1;;;;0.3
Bedehuset;A1;8.5;;;;;;;0.5625
Bedehuset;A2;8.5;;;;;;;0.5625
Bedehuset;A3;8.5;;;;;;;0.5625
Bedehuset;A4;8.5;;;;;;;0.5625
Bedehuset;A5;8.5;;;;;;;0.5625
Bedehuset;A6;8.5;;;;;;;0.5625
Bedehuset;A7;8.5;;;;;;;0.5625
Bedehuset;A8;8.5;;;;;;;0.5625
Bedehuset;A9;8.5;;;;;;;0.5625
Bedehuset;A10;8.5;;;;;;;0.5625
Bedehuset;A11;8.5;;;;;;;0.5625
Bedehuset;A12;8.5;;;;;;;0.5625
Bedehuset;A13;8.5;;;;;;;0.5625
Bedehuset;A14;8.5;;;;;;;0.5625
Bedehuset;A15;8.5;;;;;;;0.5625
Bedehuset;A16;8.5;;;;;;;0.5625
Bedehuset;A17;8.5;;;;;;;0.5625
Bedehuset;A18;8.5;;;;;;;0.5625
Bedehuset;A19;8.5;;;;;;;0.5625
Bedehuset;A20;8.5;;;;;;;0.5625
Bedehuset;A21;8.5;;;;;;;0.5625
Bedehuset;A22;8.5;;;;;;;0.5625
Bedehuset;A23;8.5;;;;;;;0.5625
Bedehuset;A24;8.5;;;1;;;;0.5625
Bedehuset;A25;8.5;;;;;;;0.5625
Bedehuset;A26;8.5;;;;;;;0.5625
Bedehuset;A27;8.5;;;;;;;0.5625
Bedehuset;A28;8.5;;;;;;;0.5625
Bedehuset;A29;8.5;;;;;;;0.5625
Bedehuset;A30;8.5;;;;;;;0.5625
Bedehuset;A31;8.5;;;;;;;0.5625
Bedehuset;A32;8.5;;;;;;;0.5625
Bedehuset;A33;8.5;;;;;;;0.5625
Bedehuset;A34;8.5;;;;;;;0.5625
Bedehuset;A35;8.5;;;;;;;0.5625
Bedehuset;A36;8.5;;;1;;;;0.5625
Bedehuset;A37;8.5;;;;;;;0.5625
Bedehuset;A38;8.5;;;;;;;0.5625
Bedehuset;A39;8.5;0.2;;;;;;0.5625
Bedehuset;A40;8.5;0.2;;;;;;0.5625
Bedehuset;A41;8.5;0.2;;;;;;0.5625
Bedehuset;A42;8.5;0.2;;;;;;0.5625
Bedehuset;A43;8.5;0.2;;;;;;0.5625
Bedehuset;A44;8.5;0.2;;;;;;0.5625
Bedehuset;A45;8.5;0.2;;1;;;;0.5625
Bedehuset;A46;8.5;0.1;;;;;;0.5625
Bedehuset;A47;8.5;0.1;;;;;;0.5625
Bedehuset;A48;8.5;0.1;;;;;;0.5625
Bedehuset;A49;8.5;0.1;;;;;;0.5625
Bedehuset;A50;8.5;0.1;;1;;;;0.5625
