River;Elvebredden C01;Road;Elvebredden B38;Fire safety zone (3m);Elvebredden B01;Road;Elvebredden A36
River;Elvebredden C02;Road;Elvebredden B37;Fire safety zone (3m);Elvebredden B02;Road;Elvebredden A35
River;Elvebredden C03;Road;Elvebredden B36;Fire safety zone (3m);Elvebredden B03;Road;Elvebredden A34
River;Elvebredden C04;Road;Elvebredden B35;Fire safety zone (3m);Elvebredden B04;Road;Elvebredden A33
River;Elvebredden C05;Road;Elvebredden B34;Fire safety zone (3m);Elvebredden B05;Road;Elvebredden A32
River;Elvebredden C06;Road;Elvebredden B33;Fire safety zone (3m);Elvebredden B06;Road;Elvebredden A31
River;Elvebredden C07;Road;Elvebredden B32;Fire safety zone (3m);Elvebredden B07;Road;Elvebredden A30
River;Elvebredden C08;Road;Elvebredden B31;Fire safety zone (3m);Elvebredden B08;Road;Elvebredden A29
River;Elvebredden C09;Road;Elvebredden B30;Fire safety zone (3m);Elvebredden B09;Road;Elvebredden A28
River;Elvebredden C10;Road;Elvebredden B29;Fire safety zone (3m);Elvebredden B10;Road;Elvebredden A27
River;Elvebredden C11;Road;Elvebredden B28;Fire safety zone (3m);Elvebredden B11;Road;Elvebredden A26
River;Elvebredden C12;Road;Elvebredden B27;Fire safety zone (3m);Elvebredden B12;Road;Elvebredden A25
River;Elvebredden C13;Road;Elvebredden B26;Fire safety zone (3m);Elvebredden B13;Road;Elvebredden A24
River;Elvebredden C14;Road;Elvebredden B25;Fire safety zone (3m);Elvebredden B14;Road;Elvebredden A23
River;Elvebredden C15;Road;Elvebredden B24;Fire safety zone (3m);Elvebredden B15;Road;Elvebredden A22
River;Elvebredden C16;Road;Elvebredden B23;Fire safety zone (3m);Elvebredden B16;Road;Elvebredden A21
River;Elvebredden C17;Road;Elvebredden B22;Fire safety zone (3m);Elvebredden B17;Road;Elvebredden A20
River;Elvebredden C18;Road;Elvebredden B21;Fire safety zone (3m);Elvebredden B18;Road;Elvebredden A19
River;Elvebredden C19;Road;EMPTY;Fire safety zone (3m);Elvebredden B19;Road;Elvebredden A18
River;Elvebredden C20;Road;EMPTY;Fire safety zone (3m);Elvebredden B20;Road;Elvebredden A17
River;Elvebredden C21;Road;EMPTY;EMPTY;EMPTY;Road;Elvebredden A16
River;Elvebredden C22;Road;EMPTY;EMPTY;EMPTY;Road;Elvebredden A15
River;Elvebredden C23;Road;EMPTY;EMPTY;EMPTY;Road;Elvebredden A14
River;Elvebredden C24;Road;EMPTY;EMPTY;EMPTY;Road;Elvebredden A13
River;Elvebredden C25;Road;EMPTY;EMPTY;EMPTY;Road;Elvebredden A12
River;Elvebredden C26;Road;EMPTY;EMPTY;EMPTY;Road;Elvebredden A11
River;Elvebredden C27;Road;EMPTY;EMPTY;EMPTY;Road;Elvebredden A10
River;Elvebredden C28;Road;EMPTY;EMPTY;EMPTY;Road;Elvebredden A9
River;Elvebredden C29;Road;EMPTY;EMPTY;EMPTY;Road;Elvebredden A8
River;Elvebredden C30;Road;EMPTY;EMPTY;EMPTY;Road;Elvebredden A7
River;Elvebredden C31;Road;EMPTY;EMPTY;EMPTY;Road;Elvebredden A6
River;Elvebredden C32;Road;EMPTY;EMPTY;EMPTY;Road;Elvebredden A5
River;Elvebredden C33;Road;EMPTY;EMPTY;EMPTY;Road;Elvebredden A4
River;Elvebredden C34;Road;EMPTY;EMPTY;EMPTY;Road;Elvebredden A3
River;Elvebredden C35;Road;EMPTY;EMPTY;EMPTY;Road;Elvebredden A2
River;Elvebredden C36;Road;EMPTY;EMPTY;EMPTY;Road;Elvebredden A1
River;Elvebredden C37;Road;EMPTY;EMPTY;EMPTY;EMPTY;EMPTY
River;Elvebredden C38;Road;EMPTY;EMPTY;EMPTY;EMPTY;EMPTY
River;Elvebredden C39;EMPTY;EMPTY;EMPTY;EMPTY;EMPTY;EMPTY
River;Elvebredden C40;EMPTY;EMPTY;EMPTY;EMPTY;EMPTY;EMPTY
River;Elvebredden C41;EMPTY;EMPTY;EMPTY;EMPTY;EMPTY;EMPTY
River;Elvebredden C42;EMPTY;EMPTY;EMPTY;EMPTY;EMPTY;EMPTY
;;;;;;;
;;;;;;;
;;;;;;;
;;;;;;;
;;;;;;;
;;;;;;;
;;;;;;;
;;;;;;;
;;;;;;;
;;;;;;;
;;;;;;;
;;;;;;;
;;;;;;;
;;;;;;;
;;;;;;;
;;;;;;;
;;;;;;;
;;;;;;;
;;;;;;;
;;;;;;;
;;;;;;;
;;;;;;;
;;;;;;;
;;;;;;;
;;;;;;;
;;;;;;;
;;;;;;;
;;;;;;;
;;;;;;;
;;;;;;;
;;;;;;;
;;;;;;;
;;;;;;;
;;;;;;;
;;;Toilet;;;;
;;;Shower;;;;
